{"MSFT": 0.18494126189778315, "AAPL": 0.17210688536107607, "AMZN": 0.10924373036498183, "META": 0.10432887951011557, "AVGO": 0.09494598242355272, "TSLA": 0.059313313725772344, "COST": 0.05216443975505779, "GOOGL": 0.049260209704455, "GOOG": 0.04791979583494602, "AMD": 0.04501556578434324, "NFLX": 0.04121772648740112, "ADBE": 0.0395422091505149}