{
  "MSFT": 16.5567903559993,
  "AAPL": 15.4077980787342,
  "NVDA": 10.47,
  "AMZN": 9.78,
  "META": 9.34,
  "AVGO": 8.5,
  "TSLA": 5.31,
  "COST": 4.67,
  "GOOGL": 4.41,
  "GOOG": 4.29,
  "AMD": 4.03,
  "NFLX": 3.69,
  "ADBE": 3.54
}
